A,Triechex,PRO
A,RRL_Obi22,PRO
A,UE_TobN,PRO
A,UE_Yanek,PRO
A,AcKeIR,PRO
A,Granatenjoe1a,PRO
A,spaghettiracing,PROAM
A,dante_1006,PRO
A,teddy9787,PROAM
A,therealod,PRO
A,KuhlerMann_42,PROAM
A,PatrickRacingTV,PROAM
A,Tallz-88,PROAM
A,F1_Lauda,PROAM
A,Fredi998,PROAM
A,Karad360,PROAM
A,Zwenson24,AM
A,BlackCobraXO,AM
A,Mistery Horn,PROAM
A,NoName-39,AM
A,boWritos,AM
A,kartoffel_zdf,PROAM
A,MC_Jozinho_23,PROAM
A,smue75,PROAM
A,merc_ultra1938,PRO
A,jannofant68,
A,LukasFalk46,AM
A,heipoBayer,AM
A,ldsnooze,AM
A,RRL_Steve,AM
A,Leonardo76,AM
A,zSkyNeX,PROAM
A,dominikwornik,PROAM
A,mar_pfei,PROAM
A,Yenkoo,AM
B,hasgo,PRO
B,BaloTelly87,PRO
B,DJGinscha,PRO
B,goal_keeper20,AM
B,TEKKNO180968,PROAM
B,Roadtrip73,PRO
B,x_X_xaNuBiSx_X_x,PRO
B,R3laxMambaFrk,PRO
B,LuFaRe_Remo,PRO
B,Tegooo83,PROAM
B,ocram_1970,PROAM
B,Markus012345678,PROAM
B,Magin-1987,PROAM
B,Maenni708,PROAM
B,mikeresistere,PROAM
B,bluechip2405,PRO
B,gernboes,AM
B,PeteSebeck,PROAM
B,s-a-i_Bot,AM
B,haffner90,AM
B,Maischbert,AM
B,DIRED02,AM
B,Delpes001,AM
B,KimZocktOffline,PROAM
B,Brillantmucki,AM
B,Pupsender_pilot,PRO
B,Dynaxonli,PROAM
B,Tengo1Punto40,AM
B,Grape1214,AM
B,d00p44-,PROAM
B,snimat,PROAM
B,leandronunes0,AM
B,PascalBayer,AM
B,MarciStar266,PRO
B,x_--Skippi--_x,PROAM
B,oOCaLiMeRoOo1337,PROAM
B,The_Beaversquad,AM
B,d3n_n1s,AM
